id,username,created_at,lng,lat,text
1.51663E+18,jkm623,Wed Apr 20 04:28:37 +0000 2022,-118.400884,33.8894865,@ericcbarnes For Gary Gentry - I was at Shea on 9/24/69 when they clinched the East (at 9:07 - 4-6-3 DP) - Mom opte‚Ä¶ https://t.co/fadDqiQ1i9
1.51663E+18,Drseuss1182,Wed Apr 20 04:28:38 +0000 2022,-73.8311875,40.6708795,booker injury is huuugeee
1.51663E+18,___Craveable,Wed Apr 20 04:28:38 +0000 2022,-104.9220935,39.713563,LMFAO ü§£
1.51663E+18,nikkineups,Wed Apr 20 04:28:38 +0000 2022,-105.2426865,40.0239815,if we can‚Äôt laugh until we cry on a regular basis then i don‚Äôt want u
1.51663E+18,teetisd,Wed Apr 20 04:28:38 +0000 2022,-87.732013,41.8335845,"nose ring, 2 necklaces, and pearl earrings :-)"
1.51663E+18,BurghBreakdown,Wed Apr 20 04:28:38 +0000 2022,-80.1223555,26.301198,"More important than my vacation‚Ä¶ my grandpa Dave, Vietnam veteran was on an honor flight today. Got to serve our gr‚Ä¶ https://t.co/tkjPIjRxr2"
1.51663E+18,BigBlackDevin,Wed Apr 20 04:28:38 +0000 2022,-82.442694,27.9965945,Is there ever a wrong time for Waffle House?
1.51663E+18,GrapefruitCorey,Wed Apr 20 04:28:38 +0000 2022,-118.40899,34.0060125,@Dan__i @GlennKesslerWP Because liberals think they get to decide whose speech is acceptable. They also seem to for‚Ä¶ https://t.co/oRYnjM5p7M
1.51663E+18,J_Math23,Wed Apr 20 04:28:39 +0000 2022,-78.976213,33.7661365,"@sportsmatters I‚Äôll gladly take the small town life.  A few year ago on the way back from a mission trip, my group‚Ä¶ https://t.co/naPbmyeJVv"
1.51663E+18,hellocrusoe,Wed Apr 20 04:28:39 +0000 2022,-156.0272312,19.79246816,Just posted a photo @ Makalawena Beach https://t.co/z24cNxUuFo
1.51663E+18,trixietakersgr1,Wed Apr 20 04:28:39 +0000 2022,-119.827182,39.512436,@Stephan74106806 Good. I‚Äôm happy he can‚Äôt hurt you anymore.
1.51663E+18,GabeMcDonald_,Wed Apr 20 04:28:40 +0000 2022,-78.9946395,33.6728455,Fire up that Suns packüòÆ‚Äçüí® https://t.co/zKm9Sj8sr4
1.51663E+18,RobertP32730809,Wed Apr 20 04:28:40 +0000 2022,-78.9482085,43.7481015,MORE BULL ON ABS  Fundamentals are your abdominal muscles are usually covered in fat under current eating habits‚Ä¶ https://t.co/inzdfxB4Ix
1.51663E+18,Skilojr13,Wed Apr 20 04:28:40 +0000 2022,-89.9766375,34.686674,@WAYNOKA_ They told me that üò≠ü§£that was blocboy jb. Top flight security
1.51663E+18,DJayC4,Wed Apr 20 04:28:40 +0000 2022,-79.2725695,43.629311,@Prolife_Sam @johnpavlovitz Samantha. Have u checked the marriage and children stats. Lol. Coz stats are facts.
1.51663E+18,DreamHavana,Wed Apr 20 04:28:40 +0000 2022,-117.896662,34.0471795,Ryan better ready
1.51663E+18,SkyCirclesLA,Wed Apr 20 04:28:40 +0000 2022,-118.2408821,34.07436325,"N1A, a Zeppelin Airship, is circling over Elysian Park, Los Angeles at 1975 feet, speed 22 MPH, 0.1 miles from Dodg‚Ä¶ https://t.co/3oVqn5Vd0e"
1.51663E+18,DynastyDiagnos1,Wed Apr 20 04:28:41 +0000 2022,-70.8158325,42.234056,This may need a *went to JUCO and decided to become a beast clause* to account for the Rachaad White's of the world FWIW
1.51663E+18,CodyUlm,Wed Apr 20 04:28:41 +0000 2022,-104.9220935,39.713563,Brb looking into experimental surgery to donate my hamstring to Book https://t.co/Xy2AaKHkr9
1.51663E+18,aljaliltaylor2,Wed Apr 20 04:28:41 +0000 2022,-75.903592,42.1117855,@LovesEffie HELLS YEAHH ü´µüèæüçëüçëüëÖüëÖ
1.51663E+18,sopranocvlopez,Wed Apr 20 04:28:42 +0000 2022,-106.6506,35.0873,"Just posted a photo @ Albuquerque, New Mexico https://t.co/PEvdU8keGq"
1.51663E+18,yudeckiel,Wed Apr 20 04:28:42 +0000 2022,-74.020239,40.8539175,"As I mentioned before this is a pretensioned spring that generates a force of 6 lb automatically. As soon as, the t‚Ä¶ https://t.co/ltLha02zdp"
1.51663E+18,annalisakiwi,Wed Apr 20 04:28:42 +0000 2022,-118.4119065,34.0207895,i put a mirror by my bed just so i can watch you come home on me. ü§≠üòà
1.51663E+18,AfricanCaptains,Wed Apr 20 04:28:42 +0000 2022,-83.099288,42.3527865,RiParian VegeTation Zones ‚Ä¢ ProtecT community from FLooding RiVers
1.51663E+18,ayoorayee,Wed Apr 20 04:28:42 +0000 2022,-76.7972215,39.4219875,Oh yea big fold by the suns
1.51663E+18,TerrenceHop,Wed Apr 20 04:28:42 +0000 2022,-73.8311875,40.6708795,The broke persons #Coachella2022  Survival kit
1.51663E+18,AdamMcCreary,Wed Apr 20 04:28:42 +0000 2022,-90.011008,29.982601,"I just won 3 hundo AND we won a playoff game away at Phoenix. Shit, my birthday don‚Äôt happen for a few more weeks ü•π"
1.51663E+18,friedlambchops,Wed Apr 20 04:28:43 +0000 2022,-80.8467855,35.209059,this makes me so happy Shooters Shoot their FRIENDS work
1.51663E+18,d00mfr0gg,Wed Apr 20 04:28:43 +0000 2022,-80.8467855,35.209059,@Terminallyuniq1 I‚Äôll take either but there‚Äôs something about the climax to ‚ÄúMelissa‚Äù that has branded my soul
1.51663E+18,JWooTV,Wed Apr 20 04:28:44 +0000 2022,-90.046692,34.948131,Air Ball @CP3
1.51663E+18,DodgerChick310,Wed Apr 20 04:28:44 +0000 2022,-118.4119065,34.0207895,Not a 4th place team talking shit‚Ä¶ never failsü§°
1.51663E+18,pourupdat4,Wed Apr 20 04:28:44 +0000 2022,-119.7824645,36.786042,all that sucking dick but what‚Äôs in your wallet bitch nothing
1.51663E+18,tamia3x,Wed Apr 20 04:28:44 +0000 2022,-79.8573635,36.090397,"when i talk about how shitty niggas are i be talking bout YALL niggas , not mine üòÇüòÇüßèüèΩ‚Äç‚ôÄÔ∏è"
1.51663E+18,IAM_DJ_Michael,Wed Apr 20 04:28:45 +0000 2022,-73.9685415,40.780709,"We are grown, just tweet.. fuck."
1.51663E+18,dicey631,Wed Apr 20 04:28:45 +0000 2022,-74.153947,40.572376,@MaryLBel1 @NikkiFried Cry more
1.51663E+18,chrisalecanada,Wed Apr 20 04:28:45 +0000 2022,-124.807192,49.243086,"@lithohedron As some forced to teach the American spelling in CSS code, I appreciate this deeply. üòÇ"
1.51663E+18,okcardinalsfan,Wed Apr 20 04:28:45 +0000 2022,-111.931711,34.1682535,Chris Paul disaster class
1.51663E+18,nickisun,Wed Apr 20 04:28:45 +0000 2022,-118.4119065,34.0207895,CAT'S OUT THE BAG!! I'm so excited to be on the @NABShow MAIN STAGE IN CONVERSATION WITH....‚Ä¶ https://t.co/B0k7LRRu7D
1.51663E+18,USJobsCognizant,Wed Apr 20 04:28:46 +0000 2022,-122.513435,45.4433066,We're hiring! Click to apply: SAP ABAP Consultant - https://t.co/mqpOAJzSfZ #technology #techjobs
1.51663E+18,reneknottsports,Wed Apr 20 04:28:46 +0000 2022,-90.5812485,38.651687,I didn‚Äôt realize just how crooked my fingers are until now https://t.co/xvGHZg8orT
1.51663E+18,TruDru,Wed Apr 20 04:28:46 +0000 2022,-84.1563795,33.7380375,@BandaiNamcoUS should rerelease this collection on PS5 and Xbox and the rest of next generation systems.https://t.co/e1x5VKk6ca
1.51663E+18,Saejow3Tyler,Wed Apr 20 04:28:46 +0000 2022,-122.630908,45.536402,I love Taylor swift so much that I want to meet her someday ‚ù§Ô∏è
1.51663E+18,ijayt205,Wed Apr 20 04:28:46 +0000 2022,-115.223125,36.232915,@JACOBI_DSP Yes top tier models! https://t.co/uZu7Be1QQ2
1.51663E+18,dailyruizz,Wed Apr 20 04:28:46 +0000 2022,-97.2859135,32.7799665,i don‚Äôt know who i am anymore
1.51663E+18,RIZZYBEE3,Wed Apr 20 04:28:46 +0000 2022,-97.2859135,32.7799665,@BigWho_ @_Dizzy @ssgsplurge1 https://t.co/ZadT3J7B4Ihttps://t.co/V1AQZwfN57 https://t.co/xatYEyWohk‚Ä¶ https://t.co/WnkXXNxeBw
1.51663E+18,acostaaaah,Wed Apr 20 04:28:46 +0000 2022,-74.153947,40.572376,@_DomPatrick KAT‚Äôs pops said y‚Äôall never been in the playoffs and idr last time Minnesota made playoffs üò≠
1.51663E+18,ejykes4u,Wed Apr 20 04:28:46 +0000 2022,-83.804475,27.698682,Big W for the Pelicans against the Suns! #NOPvsPHX #NBAPlayoffs
1.51663E+18,Jkrazy369,Wed Apr 20 04:28:47 +0000 2022,-114.3106095,34.491053,@elonmusk @slashdot Put down Netflix for a night play game of chess
1.51663E+18,ronharrodjr,Wed Apr 20 04:28:47 +0000 2022,-73.9685415,40.780709,Suns lose game 2 at home üò≥
1.51663E+18,Pollyesther34,Wed Apr 20 04:28:47 +0000 2022,-97.948281,35.0329435,@KORHAL @Ms___Anonymous Of course we all know but we're a bunch of smart asses.
1.51663E+18,Nativesouthatl,Wed Apr 20 04:28:47 +0000 2022,-84.475291,33.657586,@Donovandiaz69x Damn I wanna taste that
1.51663E+18,Thingsnstuff33,Wed Apr 20 04:28:47 +0000 2022,-73.9487755,40.655138,@ELStuff1 @noalphaashley @3landersNFT @doodles @Impossible_NFT Some Things are just impossible
1.51663E+18,Mochi_061395,Wed Apr 20 04:28:48 +0000 2022,-121.469664,38.561722,Next year or the year after thatManifest BTS soundcheck and front row tickets üíú‚úàÔ∏è
1.51663E+18,MrElugbadebo,Wed Apr 20 04:28:48 +0000 2022,-89.2232095,37.717654,It‚Äôs brewing
1.51663E+18,RafaTellanos,Wed Apr 20 04:28:48 +0000 2022,-97.552161,35.4828435,@mrpielmorena Sorry daddy üôáüèæ‚Äç‚ôÇÔ∏èü´¶
1.51663E+18,SamanthaNFL,Wed Apr 20 04:28:48 +0000 2022,-106.0360575,39.505657,@maahomes @jlarkytweets couldn‚Äôt decide which meme to send in response to this üóë take so here‚Äôs my top four https://t.co/hAI0MchZZC
1.51663E+18,wisemannerisms,Wed Apr 20 04:28:48 +0000 2022,-105.5508905,38.997936,"someday, when the Sangres get ponded with snow, I will skin up &amp; ski down Old Conquistador. https://t.co/t3CBsW3Ydg"
1.51663E+18,Syl2944,Wed Apr 20 04:28:48 +0000 2022,-96.062561,41.1774495,@ProFootballTalk Great team
1.51663E+18,_VersatyleStyle,Wed Apr 20 04:28:48 +0000 2022,-78.657837,35.8439815,Pels did they job and got the split.
1.51663E+18,EdWinULose,Wed Apr 20 04:28:48 +0000 2022,-87.732013,41.8335845,Chicago is a whole vibe https://t.co/uEPqQaR2s9
1.51663E+18,joshuaLyndell_,Wed Apr 20 04:28:49 +0000 2022,-93.809434,32.461107,@ZayIt2Times Are you not entertained https://t.co/Y5vm62pslb
1.51663E+18,jonaweenie,Wed Apr 20 04:28:49 +0000 2022,-122.194398,47.481598,"SHE COULD HAVE MY PHONE AT THAT POINT IF THIS EVER HAPPENED TO ME, PLS!! üò≠üò≠üíú https://t.co/w3y9I3z7DH"
1.51663E+18,anasjahere,Wed Apr 20 04:28:49 +0000 2022,-76.1288105,43.052607,*sigh*
1.51663E+18,mugoddities,Wed Apr 20 04:28:49 +0000 2022,-72.80198,41.5372335,Of course on my last work night we have a downtime. https://t.co/NXWBfaZlGa
1.51663E+18,michaelcep,Wed Apr 20 04:28:50 +0000 2022,-80.2497725,26.270261,Good for the pelicans ‚Äú suns better figure it out if book is hurt for a time
1.51663E+18,milespphoto,Wed Apr 20 04:28:50 +0000 2022,-104.9220935,39.713563,@zacomstock Such a clear image! Great work dude üëèüèº
1.51663E+18,jamesleejobe,Wed Apr 20 04:28:50 +0000 2022,-121.739163,38.5585535,@MaryBlyeKramer Not many. Spiders. Drowning. Heights. Snakes. Old guys in suits. Doing business on the phone. White‚Ä¶ https://t.co/1V6tBD8Ay9
1.51663E+18,GridironAndWine,Wed Apr 20 04:28:50 +0000 2022,-100.0768885,31.1688935,4/19 Recap¬† Cubs ML ‚ùåRoyals ML ‚úÖ2u Pelicans +9.5 ‚úÖ2-1 for +2.04u
1.51663E+18,jadacaakez,Wed Apr 20 04:28:50 +0000 2022,-122.2302225,38.114777,Or come home to nothing but ashes and memories
1.51663E+18,joAmadasun,Wed Apr 20 04:28:50 +0000 2022,-95.676852,29.901432,Resting at home is healthy @ Copper Lakes https://t.co/NZuD4jNEln
1.51663E+18,_caaxx,Wed Apr 20 04:28:50 +0000 2022,-118.4119065,34.0207895,clear skin+lash extensions &gt;&gt;&gt;
1.51663E+18,tmalllll,Wed Apr 20 04:28:50 +0000 2022,-118.125196,34.583629,I just saw a sign that said ‚Äúporch‚Äù on a porch.. why?
1.51663E+18,TrevNation13,Wed Apr 20 04:28:51 +0000 2022,-86.1429225,39.7795625,@HdTransition Appreciate you!!! Such a great new friend group to be apart of!
1.51663E+18,kyle__schaaf,Wed Apr 20 04:28:51 +0000 2022,-96.39715,42.4739475,"Brandon Ingram, that was beautiful"
1.51663E+18,foreskinfiesta,Wed Apr 20 04:28:51 +0000 2022,-118.4119065,34.0207895,Got myself a raspado yas https://t.co/lzbBbMouT9
1.51663E+18,SheIsAmirah92,Wed Apr 20 04:28:51 +0000 2022,-76.8849345,38.9262355,@dij_teas May Allah reward you Ameen
1.51663E+18,itswildj,Wed Apr 20 04:28:51 +0000 2022,-87.2675465,30.5267425,Put me on bro üòùüòÇ
1.51663E+18,mexikunt,Wed Apr 20 04:28:51 +0000 2022,-98.5406515,29.417501,@__MelissaRod96 Bro I‚Äôve been peeing so much
1.51663E+18,SierraLache,Wed Apr 20 04:28:52 +0000 2022,-96.7617535,32.8198585,Like I‚Äôm really hurt &amp; heartbroken bout my hair.ü•∫
1.51663E+18,IAmWana,Wed Apr 20 04:28:52 +0000 2022,-79.861034,35.1704985,37 pts 11 rebs 9 ast close enough
1.51663E+18,xestrand,Wed Apr 20 04:28:52 +0000 2022,-73.9685415,40.780709,shit
1.51663E+18,stanb93,Wed Apr 20 04:28:52 +0000 2022,-79.861034,35.1704985,What‚Äôs Chris Paul record under Scott foster now somebody please tell me this shit has to stop
1.51663E+18,yallayafatima,Wed Apr 20 04:28:52 +0000 2022,-79.2725695,43.629311,On your kneesüòàhttps://t.co/w1SpLDczEf https://t.co/lWAWtoehSg
1.51663E+18,TeamThiq,Wed Apr 20 04:28:52 +0000 2022,-73.9487755,40.655138,Feeling cute or whateva
1.51663E+18,vudaism,Wed Apr 20 04:28:52 +0000 2022,-117.96854,33.769045,ima start gatekeeping EVERYTHING
1.51663E+18,HerniquaWare26,Wed Apr 20 04:28:53 +0000 2022,-95.4464865,29.838495,That‚Äôs what ‚Äúhot‚Äù right fucking somebody up
1.51663E+18,wtfsab,Wed Apr 20 04:28:53 +0000 2022,-83.1738665,32.6782075,You niggas be too damn OLD to do the shit you do.
1.51663E+18,brand_smith891,Wed Apr 20 04:28:53 +0000 2022,-100.0768885,31.1688935,@tina_smithh I‚Äôm decent how about you?
1.51663E+18,gigiwrestling,Wed Apr 20 04:28:54 +0000 2022,-95.4464865,29.838495,mill woods baby #iykyk /\/\ \/\/
1.51663E+18,1GBZay,Wed Apr 20 04:28:54 +0000 2022,-77.604684,41.1179365,too many fat latinas in phoenix for this team to prosper
1.51663E+18,TwistNHook,Wed Apr 20 04:28:55 +0000 2022,-122.0404295,37.8936665,Emotional labor is:  having to be nice to @avinashkunnath !
1.51663E+18,Brielle_x2,Wed Apr 20 04:28:55 +0000 2022,-157.799589,21.3199435,i is high
1.51663E+18,anshelsag,Wed Apr 20 04:28:55 +0000 2022,-117.104989,32.810012,The post-game win street hotdog is very tempting https://t.co/aR7xqsiBlw
1.51663E+18,Nate_Wunder,Wed Apr 20 04:28:55 +0000 2022,-78.88398,43.0755705,Keeping the typo of jackals because let's face it. Jack Eichel is a jackal
1.51663E+18,JayyShon,Wed Apr 20 04:28:55 +0000 2022,-73.9685415,40.780709,What an eventful day.
1.51663E+18,RichRichroby1,Wed Apr 20 04:28:56 +0000 2022,-122.284264,47.176459,@MarkWrightKING5 @kitteehawk57 Also. You need to come clean my kitchen!
1.51664E+18,AmodioRodeo,Wed Apr 20 04:28:56 +0000 2022,-121.9145285,37.715531,"Gonna apply for this, much prefer to be behind the scenes than in front of the camera üòÅ"
1.51664E+18,GatorLover22,Wed Apr 20 04:28:56 +0000 2022,-89.127042,32.776623,@danielcblack will you be in oxford this weekend?
1.51664E+18,attackariel,Wed Apr 20 04:28:56 +0000 2022,-82.6536675,42.281746,@WWEgames Best update! You guys rock!
1.51664E+18,lockborn,Wed Apr 20 04:28:56 +0000 2022,-78.4781,38.0323,"Just posted a photo @ Charlottesville, Virginia https://t.co/syqJFEeAHu"
1.51664E+18,_Fastmoneycj,Wed Apr 20 04:28:57 +0000 2022,-91.1296155,30.334298,LETS GOOOOOOOOO
1.51664E+18,pegmeerkatz,Wed Apr 20 04:28:57 +0000 2022,-78.8954405,35.9909825,@MTorezwriting I'm 60 it has yet to get better it just gets worse by the minute
1.51664E+18,RTGaming216,Wed Apr 20 04:28:57 +0000 2022,-81.9225355,41.4117025,I'm so fucking happy that I'm getting better at @PlayApex. This fucking game makes me wanna reconsider being on this earth!
1.51664E+18,K1NGVERSFREAQ,Wed Apr 20 04:28:57 +0000 2022,-83.1738665,32.6782075,@Luvmefrombehind Can* dam smart phone
1.51664E+18,NikkieDickie,Wed Apr 20 04:28:58 +0000 2022,-115.038337,36.006256,@VixenKoxxx Agreed. That‚Äôs why the new update in a week or so will fix many issues and be more compatible with goog‚Ä¶ https://t.co/PWp8TYxKGZ
1.51664E+18,e_kizzle_6,Wed Apr 20 04:28:58 +0000 2022,-93.6063695,41.5764375,@Censor wensor ü§ç
1.51664E+18,TheRealBiggO,Wed Apr 20 04:28:58 +0000 2022,-104.9788438,39.75453585,The pre 4/20 jump off with Red and Meth! #MusicIsMyMedicine #WutangForever #Livewell (@ Cervantes' Masterpiece Ball‚Ä¶ https://t.co/q3kzqtwTEK
1.51664E+18,JoshDaWay,Wed Apr 20 04:28:58 +0000 2022,-96.8917385,33.079014,Let me turn my phone off so i dont send no texts
1.51664E+18,advanscoyk,Wed Apr 20 04:28:58 +0000 2022,-111.931711,34.1682535,"@NADEAU__ Currently looking for a ceo, please advise?"
1.51664E+18,beckyg504,Wed Apr 20 04:28:58 +0000 2022,-90.309235,29.9650825,@givingsomemo üòÇüòÇ at least we got the W!
1.51664E+18,savorychefs,Wed Apr 20 04:28:58 +0000 2022,-123.072515,49.288236,@Ritzcrackers I checked my cupboards and healthy me picked out the snacks this time üòï
1.51664E+18,NuliaSmith,Wed Apr 20 04:28:58 +0000 2022,-73.708745,40.7035395,@xavbalan so in love wit the sceneries you capture
1.51664E+18,texanpatriot1,Wed Apr 20 04:28:58 +0000 2022,-97.4636445,35.327468,"Ok, #FJB My 2022 Range Rover Sport went from $35/$40 to fill to this ‚¨áÔ∏è‚¨áÔ∏è‚¨áÔ∏è‚¨áÔ∏èEff this all day long. https://t.co/JAPh3IHoJS"
1.51664E+18,RolandB3,Wed Apr 20 04:28:58 +0000 2022,-95.4464865,29.838495,"Absolutely true, except for the part that isn't, which is all of it."
1.51664E+18,iamchengdsexy,Wed Apr 20 04:28:58 +0000 2022,-115.1801021,36.1311054,Global Takeover Tagged Along üï∫‚ú®...#BTS #BangtanBoys #BTSFever #KPop #Korea #LasVegasTour @ AREA15 https://t.co/ys3QYpMMEm
1.51664E+18,KareemJWilliams,Wed Apr 20 04:28:59 +0000 2022,-122.3306025,47.614817,51 other trying to win tonight
1.51664E+18,C_Redd_Charlot,Wed Apr 20 04:28:59 +0000 2022,-86.566364,30.441826,Now that's how y'all Ball!!! For the remainder of the playoffs that's how y'all play @PelicansNBA!!  Hell yeah fell‚Ä¶ https://t.co/aIX8p7J6DC
1.51664E+18,loud_socialist,Wed Apr 20 04:28:59 +0000 2022,-72.6678115,41.549405,My form of self care is watching all of the new illegally uploaded episodes of jeopardy once a week because I am a‚Ä¶ https://t.co/VZ03ZDsF3q
1.51664E+18,_nuotio_,Wed Apr 20 04:28:59 +0000 2022,-75.8001415,45.248791,"Another convoy set to roll into Ottawa Friday April 29. Again, nobody on Ottawa City Council , nor Mayor‚Ä¶ https://t.co/PM9gPqhtU2"
1.51664E+18,PercyTsilk,Wed Apr 20 04:29:00 +0000 2022,-104.9220935,39.713563,Wtf is wrong with you?
1.51664E+18,magggwai,Wed Apr 20 04:29:00 +0000 2022,-97.552161,35.4828435,I‚Äôm not praising the sky man‚Äôs member. I barely like the ones on earth.
1.51664E+18,AJ_Littrell,Wed Apr 20 04:29:01 +0000 2022,-87.732013,41.8335845,Phoenix Bums
1.51664E+18,BrownBlazerPDX,Wed Apr 20 04:29:01 +0000 2022,-117.6732545,33.9873325,Very Blazer-y win by the Pelicans üòúüòúüòúüòúüòú
1.51664E+18,WETHEKINGDOM888,Wed Apr 20 04:29:01 +0000 2022,-81.892059,36.02901,Listening to Seeing Things by The Black Crowes on @PandoraMusichttps://t.co/WHjVJfTxZK https://t.co/TrEH0VveAc
1.51664E+18,cheddertho,Wed Apr 20 04:29:01 +0000 2022,-121.82506,36.6258065,Might go get one Aw
1.51664E+18,sexton_cecilia,Wed Apr 20 04:29:01 +0000 2022,-85.4379915,38.396068,@liv4the_moment @life_is_art___ @CentristDan @ibdgirl76 What I tried in Jamaica was very potent. Since it stopped m‚Ä¶ https://t.co/0cgttYVTGw
1.51664E+18,princesszeldaa_,Wed Apr 20 04:29:01 +0000 2022,-121.469664,38.561722,my boobs ü§ù my coachella fits
1.51664E+18,marcus43205,Wed Apr 20 04:29:01 +0000 2022,-82.985772,39.9946835,@Adonis_Mounts Both please https://t.co/pWjUB4KOfF
1.51664E+18,jaden_davis5,Wed Apr 20 04:29:02 +0000 2022,-75.117998,40.0048655,@TheTraeYoung lock in fo I tweak out
1.51664E+18,DailyNews79,Wed Apr 20 04:29:02 +0000 2022,-101.5343138,39.6117856,"Extracellular Vesicles 2022: Two Day Conference - Biology, Disease &amp; Medicine (Washington, United States - Septembe‚Ä¶ https://t.co/gA06VPThJd"
1.51664E+18,beccaboo626,Wed Apr 20 04:29:02 +0000 2022,-122.162294,37.7050435,If you don‚Äôt wanna see me lose my shit don‚Äôt play last resort around me
1.51664E+18,prettykittyplug,Wed Apr 20 04:29:02 +0000 2022,-118.48042,34.022688,@TaraByars @bret_harvell ready for my close up ü§©üòõ
1.51664E+18,PapaJ_Torres,Wed Apr 20 04:29:02 +0000 2022,-149.7587945,61.2350425,@danrymas Inglorious is good. I like Django just a bit more.
1.51664E+18,ChrisEdgeSports,Wed Apr 20 04:29:02 +0000 2022,-117.104989,32.810012,So much for manny starting out every season slow out of the gateüòä @padres
1.51664E+18,HeXican_OG,Wed Apr 20 04:29:02 +0000 2022,-117.9987325,33.692542,On occasion I have to remind myself how lucky &amp; grateful I am to be part of this community. Not everyone gets to be‚Ä¶ https://t.co/0cXo3ZzJhi
1.51664E+18,brookechesney,Wed Apr 20 04:29:02 +0000 2022,-90.011008,29.982601,We were just talking about how this city is going to handle the Pels coming back to town TIED 1-1 with French quart‚Ä¶ https://t.co/lKuhYd2SO5
1.51664E+18,GG_CLO,Wed Apr 20 04:29:02 +0000 2022,-118.325145,34.18216,Mf can‚Äôt even enjoy himself out of town
1.51664E+18,shellystrick4L,Wed Apr 20 04:29:02 +0000 2022,-83.1738665,32.6782075,Playoff Ingram has arrived god damn
1.51664E+18,nancyshines_,Wed Apr 20 04:29:03 +0000 2022,-87.732013,41.8335845,This. I know what I like and what I don‚Äôt üòå
1.51664E+18,WhatShannaSays,Wed Apr 20 04:29:03 +0000 2022,-80.1491725,26.150368,Spite
1.51664E+18,atoyyni,Wed Apr 20 04:29:03 +0000 2022,-73.9685415,40.780709,Been thinking about this. And I feel the same way.
1.51664E+18,mndz_mria,Wed Apr 20 04:29:03 +0000 2022,-119.8550785,34.421639,@postupdani Doing Gods work üòã
1.51664E+18,DJJenkins,Wed Apr 20 04:29:03 +0000 2022,-118.3949725,34.138363,Hold up; the Suns lost one of their All-NBA caliber stars and it meant they couldn‚Äôt compete the same at a playoff level?! You don‚Äôt say‚Ä¶
1.51664E+18,JaKeenFox,Wed Apr 20 04:29:04 +0000 2022,-96.053431,41.275721,Loved talking to Kristen and hearing about her priority areas for when she is elected!
1.51664E+18,VIIctoriuos,Wed Apr 20 04:29:04 +0000 2022,-118.4119065,34.0207895,@Smooth02J Med*cate üòÆ‚Äçüí®
1.51664E+18,SkylarGDad,Wed Apr 20 04:29:04 +0000 2022,-97.2859135,32.7799665,üó£üó£Pels win
1.51664E+18,DailyNews79,Wed Apr 20 04:29:04 +0000 2022,-101.5343138,39.6117856,Inventory of United States Greenhouse Gas Emissions and Sinks: U.S. Environmental Protection Agency Releases 29th A‚Ä¶ https://t.co/waIm6vrV0F
1.51664E+18,ummleahh,Wed Apr 20 04:29:04 +0000 2022,-96.7617535,32.8198585,@the_garcock a good one
1.51664E+18,DzikoDonne,Wed Apr 20 04:29:04 +0000 2022,-82.063185,33.4407175,"@prettayy__girl They the ones wit the money,, bitches will sell their souls for a chain &amp; some designer"
1.51664E+18,Brielle_x2,Wed Apr 20 04:29:04 +0000 2022,-157.799589,21.3199435,i is not wanna be here
1.51664E+18,DreamHavana,Wed Apr 20 04:29:05 +0000 2022,-117.896662,34.0471795,Ryan Carroll better be ready
1.51664E+18,iitsfayyoubeezy,Wed Apr 20 04:29:05 +0000 2022,-122.2302225,38.114777,Or his ex bitch. Whatever they do. Ion care but lemme lonnneeee
1.51664E+18,JCOM42,Wed Apr 20 04:29:05 +0000 2022,-81.9562835,35.05897,@sosauceyyy What‚Äôs the benefits?
1.51664E+18,ChazEyes,Wed Apr 20 04:29:05 +0000 2022,-122.3306025,47.614817,Ryan Patrick's dumb ass drinking coconuts on vacation thanks to pump and dumps. Angry lesbianshttps://t.co/NIdFUOfT1s
1.51664E+18,GodXclusiv3,Wed Apr 20 04:29:05 +0000 2022,-81.3677725,28.5016785,@NatbyNature Easy Match Lastnight the Woman  Divison Aint on ur LevelüíØüíØüíØ
1.51664E+18,d_unikue_a,Wed Apr 20 04:29:05 +0000 2022,-73.9685415,40.780709,"Make sure you're getting what you're worth, not just what a mf is offering."
1.51664E+18,ALIYAHTHEREAL,Wed Apr 20 04:29:05 +0000 2022,-112.1246765,33.5528625,The Eddies kicking in üòÇ
1.51664E+18,Shapalicious,Wed Apr 20 04:29:06 +0000 2022,-104.9220935,39.713563,Playoff P(elicans)
1.51664E+18,Skilojr13,Wed Apr 20 04:29:06 +0000 2022,-89.9766375,34.686674,@juandh115 @WAYNOKA_ Alcohol üò≠
1.51664E+18,marcelo20151975,Wed Apr 20 04:29:07 +0000 2022,-87.301941,30.4191295,I feel like I'm alone hereAnd I'm treated like a criminalThe time has come for me nowEven though I've done no wr‚Ä¶ https://t.co/tRP6BGLe5h
1.51664E+18,Jeff_IAmThatIAm,Wed Apr 20 04:29:07 +0000 2022,-86.8060865,33.4519,Ion even be wildin‚Äô like that for real‚Ä¶
1.51664E+18,robbyxpattz,Wed Apr 20 04:29:07 +0000 2022,-122.3306025,47.614817,@9x19millimeter Even worse!!!!
1.51664E+18,__dirtyydann__,Wed Apr 20 04:29:07 +0000 2022,-118.125196,34.583629,brandon ingram has been hoopinüò≠
1.51664E+18,TruLight24,Wed Apr 20 04:29:07 +0000 2022,-77.33835653,25.02820439,Just posted a photo @ Most Worshipful Prince Hall Grand Lodge of the Commonwealth of the Bahamas https://t.co/A0QXbgjjvG
1.51664E+18,eriq49,Wed Apr 20 04:29:07 +0000 2022,-79.2725695,43.629311,@IshatReza Ugh indeed. He could fly to Mars for all of me.
1.51664E+18,WillyGopew,Wed Apr 20 04:29:08 +0000 2022,-96.7617535,32.8198585,@natttgeo @YouNeverSawMe8 Lol this hit the top of my feed again. Big smiles
1.51664E+18,TheRealZebRuff,Wed Apr 20 04:29:08 +0000 2022,-120.882482,47.273022,What a win by the Pels! This team has heart and them youngsters are fearless!
1.51664E+18,jrt8240,Wed Apr 20 04:29:08 +0000 2022,-89.876449,32.571032,@TBob53 Gotta wear those PJs every game
1.51664E+18,MarkAFredrick1,Wed Apr 20 04:29:09 +0000 2022,-88.763231,44.617544,@Rod__Mason Ms or Mrs.
1.51664E+18,DMGrubb,Wed Apr 20 04:29:09 +0000 2022,-91.0907995,30.4591,Pelicans now 1-5 after losing game one of a series. https://t.co/JuCBu40KhQ
1.51664E+18,PupArtemis,Wed Apr 20 04:29:09 +0000 2022,-122.791854,45.424871,One more sleep and then I get to see @PurpleFuckinFox for a whole weekend!!!  Gonna fuck that fox so many times in‚Ä¶ https://t.co/ShUVT6LFdB
1.51664E+18,shabazzbornn,Wed Apr 20 04:29:09 +0000 2022,-91.0907995,30.4591,"it‚Äôs always a situation we get ourselves in where we say, ‚Äúdamn wtf i‚Äôm gonna do now?!‚Äù"
1.51664E+18,DynastyKaz,Wed Apr 20 04:29:09 +0000 2022,-75.117998,40.0048655,By 1/2 a point‚Ä¶ CJ üò° üò° üò°
1.51664E+18,Drseuss1182,Wed Apr 20 04:29:09 +0000 2022,-73.8311875,40.6708795,@dretaylor_24 no they had john collins and capella
1.51664E+18,EriReynolds,Wed Apr 20 04:29:10 +0000 2022,-118.4119065,34.0207895,8-seed Pelicans really won in Phoenix. Goddamn.
1.51664E+18,JerseySuave4,Wed Apr 20 04:29:10 +0000 2022,-74.6328365,40.5015775,And Chris Paul losing to Scott Foster continues...
1.51664E+18,internationalzo,Wed Apr 20 04:29:10 +0000 2022,-118.4119065,34.0207895,We did that üòéüòéüòé#Pelicans
1.51664E+18,MathiasSsemanda,Wed Apr 20 04:29:10 +0000 2022,-77.904653,40.8028355,Ugandan vocalists and siblings Esther &amp; Ezekiel light-up Canada Got Talent. You got to watch this.  https://t.co/JZi458eLMP
1.51664E+18,anasjahere,Wed Apr 20 04:29:10 +0000 2022,-76.1288105,43.052607,"yall mouths not dry, talking about the same thing ?"
1.51664E+18,__lavish,Wed Apr 20 04:29:10 +0000 2022,-90.011008,29.982601,Moneyline ü§ë
1.51664E+18,1982Rey,Wed Apr 20 04:29:10 +0000 2022,-118.5032585,34.415631,I was wrong about the Pelicans
1.51664E+18,carlomantica,Wed Apr 20 04:29:11 +0000 2022,-106.8171263,39.18785402,"Splendid night out in Aspen with Molly, Suki, George and Marco üçæüéâüòò @ Mezzaluna Aspen https://t.co/sSrHECugOH"
1.51664E+18,DLajeOficial,Wed Apr 20 04:29:11 +0000 2022,-117.874032,33.617638,"I GONNA BUY I ACCONT WITH 100K , SOMEBODY?"
1.51664E+18,JRobersonFOX8,Wed Apr 20 04:29:11 +0000 2022,-90.011008,29.982601,"AND THE PELS STEAL ONE!!! @PelicansNBA ROOKIES just sunned the Suns. Also, Brandon Ingram is good at basketball. Ca‚Ä¶ https://t.co/WtciPXkMFo"
1.51664E+18,mexikunt,Wed Apr 20 04:29:11 +0000 2022,-98.5406515,29.417501,Actually you should always be humble because it can all be swept away
1.51664E+18,yslenergy,Wed Apr 20 04:29:11 +0000 2022,-118.4119065,34.0207895,ily but i can‚Äôt forget what you did
1.51664E+18,strosspaceman,Wed Apr 20 04:29:11 +0000 2022,-95.4464865,29.838495,@astros @brianmctaggart @JuliaMorales It happened. But people were too busy doing the wave to notice.
1.51664E+18,whiteppllovme,Wed Apr 20 04:29:12 +0000 2022,-71.0887125,42.3136695,SUNS ARE FRAUDS
1.51664E+18,ZMinus13,Wed Apr 20 04:29:12 +0000 2022,-74.184848,40.734494,@justinbyleth I disrespected the church.
1.51664E+18,NYCKING,Wed Apr 20 04:29:12 +0000 2022,-73.8311875,40.6708795,#NBAPlayoffs West 1st Round Game 2 #Pelicans 125 #Suns 114 Final.  Series tied 1-1.  Game 3 Friday 9:30pm-ESPN https://t.co/usKZb0QKuN
1.51664E+18,leboe_ryan,Wed Apr 20 04:29:12 +0000 2022,-124.807192,49.243086,"@markmackinnon As a Canadian üá®üá¶ im deeply ashamed, disappointed,  disheartened, and so many emotions busting throug‚Ä¶ https://t.co/lEpeeMbS22"
1.51664E+18,mgmwaxdropsart,Wed Apr 20 04:29:12 +0000 2022,-83.1738665,32.6782075,@ActionafFans @midgetmoxie @emaline5678 @bales1181 @FunMovieTVFan @JanuaryMovie @filmquotesfacts @Spideyrolan‚Ä¶ https://t.co/0Ph9OmGtnR
1.51664E+18,RIZZYBEE3,Wed Apr 20 04:29:12 +0000 2022,-97.2859135,32.7799665,@Kfrmth3a @ssgsplurge1 https://t.co/ZadT3J7B4Ihttps://t.co/V1AQZwfN57 https://t.co/xatYEyWohk‚Ä¶ https://t.co/LDcFYvcXMS
1.51664E+18,KWCHMatt,Wed Apr 20 04:29:13 +0000 2022,-97.343915,37.6838965,This Pelicans team so fun to watch
1.51664E+18,Cajun_Sensation,Wed Apr 20 04:29:13 +0000 2022,-90.011008,29.982601,FLOCK TF UP!!!!#pelicans
1.51664E+18,zrich412,Wed Apr 20 04:29:13 +0000 2022,-80.366152,40.6978625,Shoutout @Timarific https://t.co/n16LkmiZJz
1.51664E+18,SierraLache,Wed Apr 20 04:29:13 +0000 2022,-96.7617535,32.8198585,I feel baldhead asffff üòí
1.51664E+18,TheDreEra,Wed Apr 20 04:29:13 +0000 2022,-76.750389,39.2067415,Chris Paul is cursed. #NOPvsPHX
1.51664E+18,fay_git1,Wed Apr 20 04:29:13 +0000 2022,-72.6809665,41.765617,Lady Gaga in 2016: https://t.co/ASdMQGgR8Y
1.51664E+18,VividExplorer,Wed Apr 20 04:29:13 +0000 2022,-157.799589,21.3199435,@suaveishcoder @shashiwhocodes It sure is cool! It's the DJI Osmo Mobile 3 - smartphone gimbal. I highly recommend it!
1.51664E+18,Sammybanger,Wed Apr 20 04:29:13 +0000 2022,-118.1573375,33.99507,üòÇü§£ü§£ü§£ flake page leave me alone lol
1.51664E+18,zakjc_,Wed Apr 20 04:29:13 +0000 2022,-73.9487755,40.655138,Ingram and McCollum Go Off. I Expect Next Time To Do The Overs
1.51664E+18,biancayazminnn,Wed Apr 20 04:29:14 +0000 2022,-106.4174305,31.793368,rewatching new girl for the 99th time
1.51664E+18,LexJim1,Wed Apr 20 04:29:14 +0000 2022,-85.7682405,37.822244,@RichardKbach @greggutfeld You should either get out more often or while you're in keep up with the news. Turns out‚Ä¶ https://t.co/AO8EPyWTX6
1.51664E+18,patrickclayTV,Wed Apr 20 04:29:14 +0000 2022,-91.066362,30.361301,The #Pelicans have stolen homecourt advantage from the Western Conference‚Äôs #1 seed.
1.51664E+18,lovethislife29,Wed Apr 20 04:29:14 +0000 2022,-118.1567105,33.8091715,What? üí¢
1.51664E+18,freakychild69,Wed Apr 20 04:29:14 +0000 2022,-98.5406515,29.417501,Lay with me üòç
1.51664E+18,Illyflow,Wed Apr 20 04:29:14 +0000 2022,-90.011008,29.982601,Eat a fat one Charles Barkley Guarantee that
1.51664E+18,jp247,Wed Apr 20 04:29:15 +0000 2022,-122.3306025,47.614817,@Avis We HAVE been communicating privately; wife on hold for 90+ minutes &amp; many unanswered emails.  My $300 (after‚Ä¶ https://t.co/pTMA8vHEPM
1.51664E+18,meghan1876,Wed Apr 20 04:29:15 +0000 2022,-82.5873885,28.0041725,@hueningkey I love Hobi so much. I feel lost when I don‚Äôt see him post anything for days.
1.51664E+18,pympnx2,Wed Apr 20 04:29:15 +0000 2022,-84.7634,33.886863,Nobody AND I MEAN LITERALLY NO ONE HAS SAID SHIIIIET ABOUT 4/20üçÉüëÄ ‚ÄºÔ∏èYALL MUST ALL BE CRACKHEADS &amp; Pill Poppers NOW‚Ä¶ https://t.co/oqOYYEkxqM
1.51664E+18,KevinDr_ver,Wed Apr 20 04:29:16 +0000 2022,-81.633705,38.347486,"‚Ä¶and when push comes to shove, I will kill your friends and family to remind you of my love dada da da da https://t.co/3pLJ9feetw"
1.51664E+18,RyanFieldABC,Wed Apr 20 04:29:16 +0000 2022,-73.9685415,40.780709,Good for the Pelicans and Detroit‚Äôs own Willie Green.Hell of a win.
1.51664E+18,FidelCastro_Jr,Wed Apr 20 04:29:16 +0000 2022,-100.0768885,31.1688935,@AnthonyMaress When‚Äôs your birthday ?
1.51664E+18,JohnSapp5,Wed Apr 20 04:29:16 +0000 2022,-122.877527,45.552215,"@makeupagiplayer So, me then? Note: this is after grinding my Ayato to level 90, with his gacha weapon 90, with sk‚Ä¶ https://t.co/reRSqMaAiA"
1.51664E+18,pissyopants1,Wed Apr 20 04:29:16 +0000 2022,-90.011008,29.982601,Let‚Äôs go!
1.51664E+18,SenSaraGelser,Wed Apr 20 04:29:17 +0000 2022,-123.2793435,44.5692455,#YouHaveSoftHands  The sound byte of #orpol 2022.
1.51664E+18,BrianUnbothered,Wed Apr 20 04:29:17 +0000 2022,-117.434547,47.667438,The Pelicans ü§Ø
1.51664E+18,MEMORIALTURN2,Wed Apr 20 04:29:17 +0000 2022,-100.0768885,31.1688935,Great win today by your Minutemen baseball team. Final score was 10-5. #Turn2 @EISDMemorialHS @EISDofSA
1.51664E+18,ConnieBuchwald,Wed Apr 20 04:29:17 +0000 2022,-76.116431,39.547839,@normreedusdaily I love my Boyz.  Watched both this weekend.  They have to get them out of jail.
1.51664E+18,Gregasus14,Wed Apr 20 04:29:18 +0000 2022,-73.639419,40.7484915,1-1 going into game 3???? Time to pack the blender!!!! #WBD
1.51664E+18,kstand40,Wed Apr 20 04:29:18 +0000 2022,-121.3004255,37.980826,@eric_crocker Had to for a title. You make that trade 10/10 times
1.51664E+18,muslimbooker,Wed Apr 20 04:29:18 +0000 2022,-111.8808735,33.2824505,I blame Ayton.
1.51664E+18,KatherineRzonca,Wed Apr 20 04:29:18 +0000 2022,-96.053431,41.275721,@zsmithtweets1 Lol this tweet ain‚Äôt it my guy
1.51664E+18,definitlyasnake,Wed Apr 20 04:29:18 +0000 2022,-115.223125,36.232915,Kaylena if you see this .. if you still with that nigga and he still got you simping on the TL he better tread ligh‚Ä¶ https://t.co/nSKQHiSgOA
1.51664E+18,LizzBby,Wed Apr 20 04:29:18 +0000 2022,-112.1246765,33.5528625,Not an L in the valley ü´†
1.51664E+18,imfrommaryland,Wed Apr 20 04:29:18 +0000 2022,-79.861034,35.1704985,Hello friends https://t.co/BunX8o4GIf
1.51664E+18,Jimbomania72,Wed Apr 20 04:29:19 +0000 2022,-82.9678475,40.802381,@erikaasong That's why I played the role of Cogsworth. I'll give you a licking and you'll keep on ticking. üëÖüí¶üï∞ https://t.co/qW3qzsZjp9
1.51664E+18,dregonestep,Wed Apr 20 04:29:19 +0000 2022,-95.649287,31.7620275,I‚Äôm in my element ü•∑üèæ
1.51664E+18,cnrsie,Wed Apr 20 04:29:19 +0000 2022,-95.516562,29.492336,@matttadelphia @TooGooden17 No. You absolutely did not.
1.51664E+18,backdoorTONE,Wed Apr 20 04:29:19 +0000 2022,-118.4119065,34.0207895,@Spooky6addie book club ?
1.51664E+18,McclourBurr,Wed Apr 20 04:29:19 +0000 2022,-94.62424,35.2422105,"@lovejulieacafe What a beauty of a puppy I am so very sorry for your loss, I know it is still very difficult. God Bless you and Jackson‚ù§‚ù§"
1.51664E+18,_DomPatrick,Wed Apr 20 04:29:19 +0000 2022,-74.063787,40.778489,@acostaaaah üòÇüòÇüòÇüòÇüòÇ they was going at it I was so weak
1.51664E+18,jlocantore,Wed Apr 20 04:29:19 +0000 2022,-104.9220935,39.713563,@AlisonTorvik Addendum: interesting conversation with my partner AND my neighbor!
1.51664E+18,jayonua,Wed Apr 20 04:29:19 +0000 2022,-118.4119065,34.0207895,pelicans let‚Äôs goooo
1.51664E+18,JonGran24527820,Wed Apr 20 04:29:20 +0000 2022,-95.913642,36.1093915,"@SSN_USC @QB1TATT00 That's completely and absolutely false, but tell your story however you want. You all just soun‚Ä¶ https://t.co/rsJ1V25QNH"
1.51664E+18,missshaela,Wed Apr 20 04:29:20 +0000 2022,-112.379447,33.6466545,Me (millennial) asking my kid (gen z) what ‚Äúlow key‚Äù means‚Ä¶
1.51664E+18,24thminute,Wed Apr 20 04:29:20 +0000 2022,-79.2725695,43.629311,"@ChrisRenee88 @ktownfoodjunkie @wallnut519 @RobynUrback I grew up in a town of 1,350 people. But please do explain‚Ä¶ https://t.co/ZDewKe3qTP"
1.51664E+18,LAKingsSteve,Wed Apr 20 04:29:20 +0000 2022,-117.585658,33.859093,@GustlTweets Or not ü§∑üèª‚Äç‚ôÇÔ∏è
1.51664E+18,StevenTRobinso1,Wed Apr 20 04:29:20 +0000 2022,-111.547029,39.499762,Come get in early and 2 badass #PlayToEarngames on @WAX_io @MilliononMarsAnd @KingdomClashNFT #NFT #NFTs‚Ä¶ https://t.co/t7Kqa9acaw
1.51664E+18,chuntispongebob,Wed Apr 20 04:29:20 +0000 2022,-117.104989,32.810012,The anniversary already passed but LMAOOOOOOOO happy anniversary to a tweet that made EVERYONE mad üòÇ
1.51664E+18,convillemedia,Wed Apr 20 04:29:21 +0000 2022,-96.699604,33.1946515,I want this EVERY NIGHT
1.51664E+18,yyznaho,Wed Apr 20 04:29:21 +0000 2022,-79.2725695,43.629311,I would just love motorcyclists not to treat my street like a race track at 2 am thanks
1.51664E+18,marcelo20151975,Wed Apr 20 04:29:21 +0000 2022,-87.301941,30.4191295,Three more days and I'll be coming back againThree more days and I'll be coming back again
1.51664E+18,Fatnutz28,Wed Apr 20 04:29:21 +0000 2022,-83.804475,27.698682,Ain‚Äôt gone be able to tell me shxt when I pull up in this Audi
1.51664E+18,AngelStein732,Wed Apr 20 04:29:21 +0000 2022,-123.123581,49.257639,I've accepted that the only two important questions I have for somebody before planning for a date are:1: Do you l‚Ä¶ https://t.co/FoQezZ5Sm3
1.51664E+18,timothy_tiller,Wed Apr 20 04:29:21 +0000 2022,-122.9183245,46.182768,null I so nackit all over is 11 inches long I like to join me please https://t.co/3xJ53yz0qv
1.51664E+18,AlexBehunin,Wed Apr 20 04:29:21 +0000 2022,-96.7617535,32.8198585,@daytraderpelosi Probably 230-240 but he‚Äôs in shape  right now
1.51664E+18,AndrewBrobyn,Wed Apr 20 04:29:21 +0000 2022,-79.2725695,43.629311,Too many people talk too much. They should write instead. Then put that writing on a shelf and forget about it unti‚Ä¶ https://t.co/g2Tr1ZPF82
1.51664E+18,jolieorjalisa,Wed Apr 20 04:29:21 +0000 2022,-91.0907995,30.4591,"I hate when I feel a way bc once I do, it‚Äôs hard to change the feeling."
1.51664E+18,HerniquaWare26,Wed Apr 20 04:29:21 +0000 2022,-95.4464865,29.838495,‚ÄúThem people out there passing the fuck away‚Äù a joke isnt even probably legal right right
1.51664E+18,RonHaley10,Wed Apr 20 04:29:21 +0000 2022,-83.804475,27.698682,@thebradfordfile You are not of this world if that‚Äôs what you truly believe!
1.51664E+18,GSDOUBLEU,Wed Apr 20 04:29:21 +0000 2022,-122.4359785,37.7706565,"San Jose Giants got bigger crowds, damn."
1.51664E+18,tanarana77,Wed Apr 20 04:29:22 +0000 2022,-105.1417275,39.9689,‚ÄúYou never conquer a mountain. You stand on the summit a few moments; then the wind blows your footprints away.‚Äù ~‚Ä¶ https://t.co/v7tgm5mUDj
1.51664E+18,timakimoff,Wed Apr 20 04:29:22 +0000 2022,-123.812943,46.1873455,"@jamesmurez Oh, will do!"
1.51664E+18,__lavish,Wed Apr 20 04:29:22 +0000 2022,-90.011008,29.982601,LETS GO PELS
1.51664E+18,SheIsAmirah92,Wed Apr 20 04:29:22 +0000 2022,-76.8849345,38.9262355,"@Callher_BigMama Alhamdulillah. You know, hanging in there üò©"
1.51664E+18,quis__custodiet,Wed Apr 20 04:29:22 +0000 2022,-118.41087,34.03211,0429ZN267LA LAPD AIR SUPPORT DIVISIONSquawk: 0225N34.0321 W118.4109Altitude: 700ftCourse: 270¬∫Groundspeed: 10‚Ä¶ https://t.co/qxG1GGxIls
1.51664E+18,Young_____Simba,Wed Apr 20 04:29:22 +0000 2022,-83.1738665,32.6782075,Jae Crowder had another disasterclass performance tonight so I win
1.51664E+18,TomTerrific_66,Wed Apr 20 04:29:22 +0000 2022,-75.0228875,39.83687,@xo_itzanito Seems meaningless right now
1.51664E+18,AshtonDubose2,Wed Apr 20 04:29:23 +0000 2022,-98.5406515,29.417501,Eazy work‚úÖ
1.51664E+18,BeauB504_,Wed Apr 20 04:29:23 +0000 2022,-91.4010085,30.937336,THAT‚ÄôS A W
1.51664E+18,billybennight,Wed Apr 20 04:29:23 +0000 2022,-118.2326956,34.03120492,Just posted a photo @ Rolling Greens Dtla https://t.co/ZwP4t6fTbd
1.51664E+18,Cleanboimauri,Wed Apr 20 04:29:23 +0000 2022,-80.1226195,26.721896,There‚Äôs really no more promoters in this city üòê I‚Äôm the last of a dying breed
1.51664E+18,DowntownJCO,Wed Apr 20 04:29:23 +0000 2022,-112.1246765,33.5528625,yikes
1.51664E+18,a_ess_ess,Wed Apr 20 04:29:23 +0000 2022,-89.0030275,34.2505575,"cause fw me, u need to be able to put shit in yo own name boy fuck ya"
1.51664E+18,tarekadalati,Wed Apr 20 04:29:23 +0000 2022,-118.4119065,34.0207895,Hey Suns let‚Äôs see how you like playing in the playoffs with out a star player lol
1.51664E+18,mignaci0,Wed Apr 20 04:29:23 +0000 2022,-74.466483,40.5517695,@cee_armel What need do they still have to fill? Pg I guess?
1.51664E+18,peaceoutmar,Wed Apr 20 04:29:23 +0000 2022,-117.320879,33.226316,omfg bro loved pulling up to the scene aggressive asf on his bike for no fuckin reason AT ALLL
1.51664E+18,namelesscass,Wed Apr 20 04:29:23 +0000 2022,-73.9685415,40.780709,SLAY https://t.co/wziZ8x7llx
1.51664E+18,Taraballs,Wed Apr 20 04:29:23 +0000 2022,-149.7587945,61.2350425,@AK_Echo @AlaskaAir Safe travels! ‚ù§‚ù§‚ù§
1.51664E+18,OTC_Lando,Wed Apr 20 04:29:24 +0000 2022,-97.2665315,32.667059,Craving a cookie skillet üò©
1.51664E+18,Kkourtnee12,Wed Apr 20 04:29:24 +0000 2022,-84.433106,33.7671945,I can make money easily but saving TUH üôÅ #JesusTakeTheWheel
1.51664E+18,CaptainPuckPain,Wed Apr 20 04:29:24 +0000 2022,-75.8001415,45.248791,I like Branny but maybe DJ Smith was right about him?
1.51664E+18,Raidger4,Wed Apr 20 04:29:24 +0000 2022,-111.547029,39.499762,That was ugly. Please heal quick Booker
1.51664E+18,realtoddbillion,Wed Apr 20 04:29:24 +0000 2022,-119.3066075,37.2691755,Ingram reminds me of KD
1.51664E+18,joeysox1952,Wed Apr 20 04:29:24 +0000 2022,-87.7290145,42.079288,@NBCSports Baseball
1.51664E+18,TreyyBoFrFr,Wed Apr 20 04:29:25 +0000 2022,-97.75384,31.0793065,Good shit Pels! Go turn NOLA tf up!
1.51664E+18,haikyuu_honey,Wed Apr 20 04:29:25 +0000 2022,-83.804475,27.698682,it‚Äôs the way they boy i‚Äôm talking too sends me daily pictures and videos of his dog multiple times in the day üò≠üò≠üò≠ crying actual tears
1.51664E+18,the_testudine,Wed Apr 20 04:29:25 +0000 2022,-97.754724,30.3233455,@thatsgoodweb Heels from the High Heels edition ü¶ñ üë†‚ú®
1.51664E+18,pratt_up,Wed Apr 20 04:29:25 +0000 2022,-85.242564,35.0919545,My best friend is so beautiful ‚ù§Ô∏è‚ù§Ô∏è‚ù§Ô∏è! And she is sweeter than a piece of cake üéÇ too me! I love you HAYLEY!‚Ä¶ https://t.co/6K3ExP1an2
1.51664E+18,MColetteK,Wed Apr 20 04:29:25 +0000 2022,-90.375446,38.699745,"As a Teacher, who taught in other countries, but never in the USA, I was treated VERY RESPECTFULLY, my education wa‚Ä¶ https://t.co/TNAoagXsKb"
1.51664E+18,sodog,Wed Apr 20 04:29:25 +0000 2022,-118.4119065,34.0207895,@TailBoneSteph A big one.
1.51664E+18,marco_no_polos,Wed Apr 20 04:29:26 +0000 2022,-83.1738665,32.6782075,I love my job and the people I work with
1.51664E+18,HappyOlderArmy,Wed Apr 20 04:29:25 +0000 2022,-115.183346,36.090894,@WG2S_mika_mary Not great photos but here are a few photos of meeting the 4 of you on Saturday afternoon. I love yo‚Ä¶ https://t.co/qrN8zsJFx5
1.51664E+18,AriadneBerrios,Wed Apr 20 04:29:26 +0000 2022,-115.038337,36.006256,So many great releases this month. Just got this baby delivered &amp; I can‚Äôt wait to read it! @WritingRoslyn https://t.co/eRWXvP6ANn
1.51664E+18,CharlieBallpark,Wed Apr 20 04:29:26 +0000 2022,-95.057125,29.6658065,Congratulations buddy I Have so much love For Priest‚Äôs Our Society does not see the 99.99 percent of Them
1.51664E+18,SkylarGDad,Wed Apr 20 04:29:26 +0000 2022,-97.2859135,32.7799665,@Rap Trains settle down
1.51664E+18,LesReyna__,Wed Apr 20 04:29:27 +0000 2022,-97.9668655,26.127868,"it‚Äôs an amazing feeling to be so loved and cared for, I love my husband üò¢ü§ç"
1.51664E+18,macncheesewhore,Wed Apr 20 04:29:27 +0000 2022,-121.2506635,38.805335,Why didn‚Äôt anyone tell me that crime con is next week?? I want to go so bad!!!
1.51664E+18,Kittenbayou2,Wed Apr 20 04:29:27 +0000 2022,-97.206553,27.8646085,"Kittenbayou found #bitcoin in a Blue vault at this location! Join me playing #coinhuntworld, It's awesome!‚Ä¶ https://t.co/VLJyeI3SBx"
1.51664E+18,lovee_kior,Wed Apr 20 04:29:28 +0000 2022,-76.620482,39.284713,after all that surgery you are still ugly that is what getsssssss meeeee
1.51664E+18,TerrenceHop,Wed Apr 20 04:29:27 +0000 2022,-73.8311875,40.6708795,The broke persons #Coachella2022  survival kit https://t.co/AdZ6poe6pV
1.51664E+18,madeastwood,Wed Apr 20 04:29:28 +0000 2022,-111.88024,40.688518,i can either cry or take cute pictures
1.51664E+18,gigib00,Wed Apr 20 04:29:28 +0000 2022,-122.0857755,37.6412705,Ew af ü´†
1.51664E+18,jn201250,Wed Apr 20 04:29:28 +0000 2022,-73.9685415,40.780709,@ScoonTv Forget about mask what about walking around dressed  like walking billboard....
1.51664E+18,RollTideDatJr,Wed Apr 20 04:29:28 +0000 2022,-84.433106,33.7671945,WONT BOW DOWN
1.51664E+18,YeezyCraig,Wed Apr 20 04:29:28 +0000 2022,-81.3677725,28.5016785,"Damn these games can be tough. Booker was on fire, just to get hurt"
1.51664E+18,ChrisBerg25,Wed Apr 20 04:29:28 +0000 2022,-122.3306025,47.614817,why do I get the sense this is not the first time Ansel Elgort has had to clarify this https://t.co/mmpM0NxmcI
1.51664E+18,anshelsag,Wed Apr 20 04:29:29 +0000 2022,-117.104989,32.810012,@Pimp_Lord619 They are painfully bad
1.51664E+18,bgdaddylan,Wed Apr 20 04:29:29 +0000 2022,-118.0071635,33.900901,@gifdsports That's üêÇüí© without hearing his side of the situation before deciding to let him go!!!! #HateMeGuys
1.51664E+18,TravisBelair,Wed Apr 20 04:29:29 +0000 2022,-122.360053,40.5539945,@invictus_crypt0 Gotta love the GI Bill.  I wasn‚Äôt able to get the post 9/11 and it was like 2004 when I went to co‚Ä¶ https://t.co/ocCC6vd3RU
1.51664E+18,DawkKnight14,Wed Apr 20 04:29:29 +0000 2022,-75.770041,42.746617,@AyeLemonHead üò≠üò≠üò≠Bunny was about to die üòÇüòÇüòÇ
1.51664E+18,Ronsuvy,Wed Apr 20 04:29:29 +0000 2022,-73.9487755,40.655138,@bbnissah You know it
1.51664E+18,MichaelErlerSBN,Wed Apr 20 04:29:29 +0000 2022,-122.0857755,37.6412705,@XavierLoredo @projectspurs An opinion I‚Äôll take to my grave is that ‚Äò04 and ‚Äò06 weren‚Äôt really blown because Pisto‚Ä¶ https://t.co/HHsqBFd9oO
1.51664E+18,Lark_NessMonsta,Wed Apr 20 04:29:30 +0000 2022,-91.4010085,30.937336,The Blender boutta be BONKERS Friday night!
1.51664E+18,egcampos83,Wed Apr 20 04:29:30 +0000 2022,-117.104989,32.810012,The #1Seed in the east is up 2-0.. I‚Äôm just saying‚Ä¶ #HEATCulture https://t.co/z2u2OwqtBm
1.51664E+18,stanb93,Wed Apr 20 04:29:30 +0000 2022,-79.861034,35.1704985,I will say that in jest tho they beat us fair and square. But I‚Äôll be damned if we didn‚Äôt know what it was soon as‚Ä¶ https://t.co/sMPOrAXDqk
1.51664E+18,ktjudice,Wed Apr 20 04:29:30 +0000 2022,-91.4010085,30.937336,BI is that dude. Let's go!! #wbd
1.51664E+18,dbowe44,Wed Apr 20 04:29:30 +0000 2022,-73.9487755,40.655138,"Even without Booker, there was no excuse in losing this game. @Suns We showed absolutely no defensive effort in the second half. SMFH"
1.51664E+18,admayaireme_,Wed Apr 20 04:29:31 +0000 2022,-75.117998,40.0048655,Baby I can‚Äôt wait for the new season of #rhop ‚Ä¶ the Ashley And michael Darby separation tea ‚òïÔ∏è
1.51664E+18,masonjambon,Wed Apr 20 04:29:31 +0000 2022,-85.9785995,35.8305215,@Fish_TBW @thebirdwrites Huge Win! Pels baby!!! #Pels12 @PelicansNBA @lockedonpels @PelicansReddit
1.51664E+18,jermangarcia25,Wed Apr 20 04:29:31 +0000 2022,-96.961483,32.863917,No way the suns lost at home
1.51664E+18,cvrmenita,Wed Apr 20 04:29:31 +0000 2022,-73.9685415,40.780709,watched lorde cover the strokes live tonight n i feel reborn
1.51664E+18,BTSARMY4lyf,Wed Apr 20 04:29:31 +0000 2022,-122.044814,37.592159,@__chacco Aww! Yes you should!
1.51664E+18,tokenbrotha,Wed Apr 20 04:29:31 +0000 2022,-115.223125,36.232915,Bless their hearts they‚Äôre trying the wave in another terrible spot to do the wave. It‚Äôs as if they don‚Äôt care about baseball at all
1.51664E+18,sunny051488,Wed Apr 20 04:29:31 +0000 2022,-115.2344355,36.0188045,@SlopeOfHope @RealWillyBot @jimcramer @CNBC Disclaimer at the beginning fixes this
1.51664E+18,Jkrazy369,Wed Apr 20 04:29:31 +0000 2022,-114.3106095,34.491053,@PPathole @elonmusk @slashdot Sounds like a dumbass virus to me all the Netflix servers I believe are through Amazon I believe
1.51664E+18,Merk2486,Wed Apr 20 04:29:32 +0000 2022,-98.5406515,29.417501,Lit Tonight Pre-save Now Link in Bio @Merk2486 üî•üé∂ Always üòéüëç‚Ç¨https://t.co/35DSHuYdnE
1.51664E+18,seagullflynorth,Wed Apr 20 04:29:32 +0000 2022,-118.4119065,34.0207895,@AriGrandeDrawin @xelizabethmxx no problem ‚ù§Ô∏è
1.51664E+18,_thatMDgirl,Wed Apr 20 04:29:32 +0000 2022,-76.620482,39.284713,"I just want cuddles, sex, and pizza"
1.51664E+18,Actionash666,Wed Apr 20 04:29:32 +0000 2022,-118.1567105,33.8091715,@genshouse Oh I was gonna do that anyway that‚Äôs just how I am.ü§∑üèæ‚Äç‚ôÇÔ∏è
1.51664E+18,jgalleg4,Wed Apr 20 04:29:32 +0000 2022,-117.7823605,33.689732,@RightNewsNM You sure about that? https://t.co/SrOrtUqMdW
1.51664E+18,The_Pokey_Life,Wed Apr 20 04:29:32 +0000 2022,-98.5406515,29.417501,How is every OF content monkey somehow in the top 1%? It‚Äôs very impressive.
1.51664E+18,JoshuaTPriceMo1,Wed Apr 20 04:29:32 +0000 2022,-110.9664845,41.25415,@aronroms Looking amazing!!! üòâ
1.51664E+18,a_galinddo,Wed Apr 20 04:29:32 +0000 2022,-96.2916485,30.5854715,pels with the upset üëÄüëÄ
1.51664E+18,tkmack,Wed Apr 20 04:29:33 +0000 2022,-83.1738665,32.6782075,@ShooterMcGavin_ Anti maskers ripping off masks üò∑ mid flight upon announcement
1.51664E+18,around_portland,Wed Apr 20 04:29:33 +0000 2022,-122.6493769,45.50857051,Just posted a photo @ Ladd's Addition https://t.co/imhl9YIuNs
1.51664E+18,abreezeclayton,Wed Apr 20 04:29:34 +0000 2022,-72.4511725,43.8717565,@spacecowboy926 Wait what is this from please tell me now
1.51664E+18,ArthurB53170440,Wed Apr 20 04:29:34 +0000 2022,-118.4119065,34.0207895,@RepMTG America can't wait !! Set your DVR ! Get ready for the REPUBLICANS CLOWN ü§° make an ASS out of herself https://t.co/qyOQT6KAqW
1.51664E+18,eddieyousuck,Wed Apr 20 04:29:34 +0000 2022,-75.605775,39.95993,"Holy fucking shit the Pelicans just beat the Phoenix Suns, in Phoenix."
1.51664E+18,dicey631,Wed Apr 20 04:29:34 +0000 2022,-74.153947,40.572376,@JoseLaquidain @NikkiFried Stop lying drama queen ü§°
1.51664E+18,bigdoggflamusic,Wed Apr 20 04:29:35 +0000 2022,-80.227305,26.3460265,@HowieRose Truth
1.51664E+18,attackariel,Wed Apr 20 04:29:35 +0000 2022,-82.6536675,42.281746,"@NovahailFemale Listen, haha, TO ME!"
1.51664E+18,co98615084,Wed Apr 20 04:29:35 +0000 2022,-86.6807375,32.576227,@violet00201 how can something that beautiful not have a good man...May be you grow out this way of living before y‚Ä¶ https://t.co/yQsCG3TVm9
1.51664E+18,JoeJohnSr,Wed Apr 20 04:29:35 +0000 2022,-119.3066075,37.2691755,"@joerodcomedy Yes I do, but I would not call her a queen, there are no royal families around the borderland. ü§£"
1.51664E+18,loud_socialist,Wed Apr 20 04:29:35 +0000 2022,-72.6678115,41.549405,This is a fact I also learned today that I am appalled by!
1.51664E+18,unIDedTypingObj,Wed Apr 20 04:29:35 +0000 2022,-74.442088,40.642982,Lotta telling not showing goin on here
1.51664E+18,vegas_casey,Wed Apr 20 04:29:35 +0000 2022,-115.223125,36.232915,I'm asking for your support. Please donate to my campaign until 5/19/22 for Paul Casey Candidate Councilman Ward 6.‚Ä¶ https://t.co/72UQTBdkP7
1.51664E+18,ijayt205,Wed Apr 20 04:29:35 +0000 2022,-115.223125,36.232915,@JACOBI_DSP It‚Äôs the plug for me! Get them subscriptions! https://t.co/w85Sl462Qm
1.51664E+18,RIZZYBEE3,Wed Apr 20 04:29:36 +0000 2022,-97.2859135,32.7799665,@ganggang23_23 @Kayylmariee https://t.co/ZadT3J7B4Ihttps://t.co/V1AQZwfN57 https://t.co/xatYEyWohk‚Ä¶ https://t.co/Tzpz2KL1sW
1.51664E+18,MacGrueber,Wed Apr 20 04:29:36 +0000 2022,-82.6694675,40.3651595,Damn‚Ä¶ rolled the dice on Pelicans +11.5 125-114 Pelicans üò¨
1.51664E+18,jhern2498,Wed Apr 20 04:29:36 +0000 2022,-166.5996925,23.6913645,BOOM
1.51664E+18,jJandbytheGram,Wed Apr 20 04:29:37 +0000 2022,-75.117998,40.0048655,Ingram balled tf out tonight
